{"coef": [-0.4222743159532618, 0.4995785008125116, -0.03175090662348492, -0.12704687140795154, 0.001448570099180381], "intercept": -1.0021277433498237}