{"coef": [-0.42129425155496464, 0.5064615584933286, -0.009056710419025563, -0.03195487166620334, -0.11663712741343146, 0.0014570890564293906], "intercept": -0.9633438338114436}