{"coef": [-0.16708005884649912, -0.06436623925072753, -0.016585886156423965, 0.056115431568307485, 0.0024535643281542864], "intercept": -1.4363704291325465}