{"coef": [-0.15893307585749195, -0.07048990165745957, -0.006257855645798315, -0.016529394593866122, 0.07320963887913381, 0.002409816652837153], "intercept": -1.4002973899223794}